model,abalone-17_vs_7-8-9-10,segment0,kr-vs-k-one_vs_fifteen,kr-vs-k-zero_vs_fifteen,poker-8-9_vs_5,abalone-20_vs_8-9-10,shuttle-c0-vs-c4,car-vgood,car-good,abalone-19_vs_10-11-12-13,winequality-red-4,poker-8-9_vs_6,yeast6,yeast5,yeast4,yeast3,yeast1,winequality-white-3-9_vs_5,poker-8_vs_6,kr-vs-k-zero_vs_eight,flare-F,yeast-0-2-5-7-9_vs_3-6-8,yeast-0-2-5-6_vs_3-7-8-9,vowel0,yeast-1-2-8-9_vs_7,winequality-white-3_vs_7,winequality-red-8_vs_6-7,vehicle3,vehicle2,vehicle1,vehicle0,pimaImb,abalone9-18,yeast-1-4-5-8_vs_7,winequality-red-3_vs_5,wisconsinImb,winequality-red-8_vs_6,abalone-21_vs_8,yeast-0-5-6-7-9_vs_4,yeast-2_vs_4,yeast-0-3-5-9_vs_7-8,abalone-3_vs_11,yeast-2_vs_8,page-blocks-1-3_vs_4,yeast-1_vs_7,led7digit-0-2-4-5-6-7-8-9_vs_1,dermatology-6,ecoli4,ecoli3,ecoli2,ecoli1,ecoli-0-1-4-7_vs_2-3-5-6,ecoli-0-1-4-7_vs_5-6,habermanImb,ecoli-0-1-3-7_vs_2-6,ecoli-0-1-4-6_vs_5,ecoli-0-3-4-7_vs_5-6,poker-9_vs_7,ecoli-0-1_vs_2-3-5,ecoli-0-1_vs_5,shuttle-6_vs_2-3,ecoli-0-2-6-7_vs_3-5,ecoli-0-6-7_vs_3-5,ecoli-0_vs_1,ecoli-0-6-7_vs_5,new-thyroid2,new-thyroid1,glass6,glass5,glass4,glass2,glass1,glass0,glass-0-1-2-3_vs_4-5-6,glass-0-1-4-6_vs_2,ecoli-0-3-4-6_vs_5,ecoli-0-4-6_vs_5,ecoli-0-2-3-4_vs_5,ecoli-0-3-4_vs_5,glass-0-1-6_vs_2,glass-0-1-6_vs_5,cleveland-0_vs_4,glass-0-1-5_vs_2,winequality-white-9_vs_4,iris0,lymphography-normal-fibrosis,shuttle-c2-vs-c4,glass-0-6_vs_5,zoo-3,glass-0-4_vs_5,Average
BRM,0.986024232,0.789592254,0.973059972,0.980184562,0.992268307,0.990817715,0.946194237,0.96455536,0.954882175,0.984733083,0.977156158,0.989705902,0.974169616,0.977818493,0.97667815,0.909315973,0.737092741,0.990684212,0.991079339,0.980951996,0.971884071,0.908579427,0.928043247,0.895392054,0.969403899,0.987710726,0.982232592,0.79213223,0.56626045,0.788219073,0.750816583,0.737917403,0.965418276,0.948348397,0.98946046,0.797019997,0.970004449,0.98660202,0.924382256,0.935834872,0.91580582,0.790333688,0.974158233,0.961437701,0.940373016,0.92722973,0.958924652,0.958319318,0.906895773,0.846735851,0.823379763,0.944489733,0.952173638,0.809040383,0.983658231,0.953246041,0.940332627,0.960898296,0.936853423,0.943830836,0.97513315,0.941693829,0.939472164,0.816816038,0.940538045,0.899960234,0.902966591,0.905603707,0.970141284,0.965155892,0.904689138,0.592500979,0.635045514,0.855612075,0.915052618,0.937435234,0.941004281,0.935659668,0.936031217,0.908937489,0.969074412,0.950900403,0.910810859,0.969955625,0.515805471,0.977666249,0.978461196,0.938352229,0.965238124,0.933435945,0.913554371
GM,0.986009102,0.756304291,0.982248874,0.99370464,0.895219654,0.99265602,0.964930695,0.968843252,0.966028191,0.984035504,0.973573871,0.932164617,0.983398999,0.982065386,0.977153597,0.917680147,0.684178588,0.990331436,0.922121,0.988446926,0.976093379,0.93770149,0.932615624,0.945691516,0.975286643,0.98721792,0.970796727,0.771197651,0.645981248,0.725609737,0.819540152,0.7313738,0.966969332,0.963688199,0.98994267,0.797834954,0.972812505,0.986505706,0.933166516,0.941062245,0.922057031,0.983055113,0.962849974,0.926140257,0.950132739,0.885945527,0.965065641,0.96474226,0.91585172,0.870043054,0.815296677,0.946373613,0.955102223,0.758098034,0.984576452,0.954534311,0.939494408,0.981661552,0.939170614,0.948667057,0.973956296,0.940794369,0.936779547,0.886613519,0.943778637,0.901105002,0.900643774,0.917871644,0.959057739,0.962584643,0.904724263,0.583937538,0.537318932,0.860170759,0.920397744,0.935889344,0.936384189,0.934661754,0.936741345,0.913711944,0.959145969,0.953116141,0.892467195,0.975869258,0.690313826,0.978369366,0.979659843,0.927169654,0.967363417,0.914171197,0.91562011
IF,0.983746889,0.664481678,0.982245072,0.993703909,0.95593393,0.986394492,0.96500828,0.960811832,0.964710191,0.978626852,0.970532971,0.961923503,0.984580047,0.983491743,0.978294917,0.913884525,0.695692694,0.990455242,0.956362103,0.989451709,0.974851732,0.94199245,0.937173582,0.950679218,0.972329881,0.986551676,0.97739199,0.796911765,0.639356492,0.764567497,0.750262505,0.729642742,0.962582396,0.952355168,0.990009646,0.798621557,0.977371053,0.986385068,0.926592872,0.942786328,0.917890335,0.983527578,0.963923619,0.966432927,0.937829226,0.899976914,0.967507704,0.962216457,0.914127911,0.833640622,0.823780443,0.9450953,0.955087333,0.795162593,0.983618412,0.954639901,0.937672892,0.981556827,0.941801563,0.950802212,0.974674554,0.941583403,0.937857489,0.920742279,0.942745487,0.901849894,0.902463843,0.918515666,0.967902803,0.964229195,0.897873923,0.605341703,0.573451005,0.862358057,0.875293597,0.936878811,0.937358686,0.938189701,0.937175392,0.876259387,0.964432609,0.955776739,0.865338807,0.975896818,0.576475335,0.97842387,0.979859863,0.937715452,0.961684704,0.933817196,0.91530228
OCSVM,0.981032758,0.773791232,0.98094752,0.993574302,0.88821979,0.989515132,0.964885182,0.930891813,0.956662261,0.966154886,0.971700851,0.980941113,0.985057059,0.983612806,0.978693728,0.905737066,0.690352117,0.989440509,0.980431642,0.984741333,0.975069562,0.942604366,0.936493806,0.942944093,0.975859508,0.986606172,0.978427107,0.745917752,0.695817278,0.686744388,0.799839617,0.731574957,0.954342258,0.96193054,0.983188033,0.781063227,0.970711627,0.986174785,0.935646987,0.943694934,0.919853438,0.983370485,0.964503384,0.770580239,0.948996697,0.867585698,0.968633295,0.962323485,0.91071751,0.818168125,0.821771032,0.942472361,0.952478139,0.718808139,0.98424238,0.952891333,0.938016181,0.981505224,0.938111682,0.948816279,0.97522642,0.940946795,0.937785822,0.847816375,0.944171924,0.899094458,0.899864592,0.905215058,0.658236979,0.958185234,0.84916019,0.654301982,0.600018883,0.791796923,0.829004476,0.937301859,0.937457768,0.935197216,0.936837153,0.831438345,0.546870599,0.942527404,0.76899393,0.858992034,0.752208359,0.977418144,0.979450844,0.528411371,0.946394742,0.811923894,0.894079211
EE,0.986628057,0.750285447,0.981602025,0.993687162,0.902259742,0.99282817,0.96490151,0.967848595,0.971864861,0.986725754,0.974775667,0.971029744,0.982076395,0.980014508,0.97455926,0.906480004,0.708036301,0.990167783,0.964439505,0.986746243,0.974789792,0.932045672,0.925579532,0.948041287,0.970598716,0.987274759,0.968815153,0.798869472,0.561613063,0.666024735,0.74888487,0.741717143,0.968116273,0.960177051,0.989634521,0.798534453,0.967144043,0.986719639,0.930447102,0.939210458,0.918865779,0.983336261,0.965846842,0.967681977,0.946237142,0.88517643,0.968800438,0.965802595,0.894070683,0.903219182,0.795240544,0.946706899,0.952404755,0.813484841,0.98445747,0.95627938,0.942179874,0.981756403,0.940034715,0.949902908,0.973832828,0.94073661,0.937969435,0.867571682,0.944391016,0.89848605,0.901907839,0.9250363,0.969448813,0.963485499,0.920219375,0.537382452,0.530249327,0.867704118,0.919984875,0.941253504,0.940139645,0.940084456,0.939959752,0.910145024,0.966213509,0.955312861,0.911129858,0.975733851,0.654182661,0.978468374,0.979450844,0.940120724,0.961254124,0.938407662,0.915477141
AvgKNN,0.81414307,0.901571078,0.90182201,0.968455364,0.812342874,0.847218876,0.846207363,0.962373372,0.960202605,0.958011398,0.955896604,0.653153434,0.97607371,0.936282036,0.937329541,0.882596533,0.665434211,0.790313781,0.961732316,0.967228696,0.920308262,0.852738093,0.798644645,0.909804474,0.946777848,0.561176494,0.974287071,0.677274928,0.686701451,0.731542853,0.805624491,0.546759459,0.705487679,0.953510668,0.982056242,0.944773588,0.963254846,0.593339,0.842046549,0.761771055,0.849262839,0.97888178,0.717312836,0.656886671,0.918348297,0.906494686,0.946445508,0.846383987,0.885688273,0.843254072,0.670816326,0.782858712,0.760369923,0.582969123,0.912463636,0.818803232,0.698982417,0.646148537,0.732391414,0.784040412,0.931795635,0.604117034,0.735850317,0.508094443,0.70080551,0.707268826,0.673826301,0.739070714,0.896921304,0.703801481,0.929822506,0.620414724,0.772516082,0.603340093,0.926199967,0.784569841,0.656866279,0.743754433,0.700115729,0.920064443,0.778768113,0.878033789,0.898173867,0.928434895,0.737786475,0.767857143,0.679365079,0.635865457,0.625,0.551828289,0.801504445
LargestKNN,0.820634758,0.905648492,0.771800528,0.986673947,0.802977839,0.849805525,0.835806234,0.962373372,0.960202605,0.960173121,0.962598078,0.69309053,0.973332676,0.925890381,0.943778331,0.888413591,0.67698924,0.772161988,0.977062648,0.981299726,0.92447145,0.811578932,0.787835928,0.89651297,0.941964588,0.573328765,0.976976987,0.666172068,0.679928411,0.730897745,0.805973559,0.546832211,0.707112334,0.955404435,0.986202338,0.947226657,0.970611764,0.575978613,0.822324469,0.758710566,0.83985356,0.961232219,0.63853713,0.6325014,0.917596247,0.90508286,0.953266663,0.866296628,0.88748258,0.838493288,0.676786857,0.787406972,0.762373613,0.580320914,0.866218628,0.823656077,0.735642658,0.769040836,0.721963129,0.763782354,0.986111111,0.551545587,0.747587305,0.506982053,0.696067674,0.686065109,0.644548337,0.782372084,0.90093484,0.50807815,0.931897592,0.64192344,0.770758776,0.630675964,0.924209536,0.79815378,0.649370324,0.752216509,0.737321894,0.916582076,0.794265555,0.871355932,0.900375997,0.931527133,0.75168791,0.767857143,0.679365079,0.581428571,0.744047619,0.586772487,0.800181984
MedKNN,0.813673333,0.89686255,0.9302483,0.968590706,0.834762207,0.85090317,0.853133872,0.962373372,0.960202605,0.956911774,0.947935173,0.662058982,0.977027542,0.93757131,0.934738994,0.880953878,0.664859311,0.834513376,0.960710004,0.967300778,0.928583137,0.86635446,0.80336521,0.912939137,0.949762224,0.629354994,0.973654163,0.683102755,0.701791211,0.73079545,0.806530885,0.551396884,0.712068409,0.953098544,0.980203002,0.929821046,0.959191548,0.618281081,0.855919701,0.768119851,0.854376739,0.982281326,0.752417259,0.65997999,0.919131316,0.914617333,0.939468067,0.833886983,0.884182053,0.843599231,0.670375756,0.783071211,0.764576178,0.590315751,0.921613421,0.814594429,0.690143502,0.791503268,0.728641749,0.796240698,0.880952381,0.633212085,0.733024957,0.512379609,0.713878374,0.715253957,0.688371793,0.725052076,0.887009682,0.799661765,0.929489035,0.606435312,0.764908847,0.553177263,0.927224172,0.76829868,0.662595971,0.741257519,0.662704567,0.921845323,0.778688672,0.882408302,0.897675232,0.937412819,0.725197833,0.785714286,0.822222222,0.580453234,0.695945946,0.621021136,0.80886838
PCA,0.902131177,0.908096466,0.99895061,1,0.949713943,0.952144005,0.936581657,0.931182887,0.959844384,0.984495179,0.931950979,0.95071078,0.949882636,0.876185859,0.931245983,0.885956563,0.726200888,0.754905672,0.987379734,0.971861823,0.832500065,0.693321359,0.678160391,0.556744253,0.938196579,0.627188589,0.967638887,0.711597004,0.727462412,0.710650705,0.76271817,0.529912639,0.883741876,0.943705705,0.953794229,0.957731284,0.950397743,0.585622626,0.842066129,0.711747718,0.819849311,1,0.70111613,0.700987081,0.875146564,0.713446286,0.618016454,0.761552071,0.831391639,0.852889199,0.757875837,0.582002765,0.562998253,0.682989541,0.695533116,0.768357263,0.716563763,0.814289986,0.591919905,0.573467318,0.55913107,0.604691244,0.685774842,0.533215866,0.634444774,0.539517731,0.501182391,0.584381581,0.95298418,0.618628832,0.938338806,0.672852499,0.753258134,0.645777967,0.932469088,0.773331351,0.702052939,0.642182543,0.698586918,0.928095563,0.902447342,0.553865868,0.900540124,0.935454545,0.675785473,1,0.616666667,0.726634131,0.894426407,0.801809095,0.784258223
COF,0.926182181,0.880993109,0.957503251,0.98797784,0.948734054,0.897485542,0.889331513,0.9505164,0.961201485,0.955921894,0.952609209,0.626287424,0.976971351,0.960108982,0.956278435,0.891929829,0.671545524,0.883558189,0.847252458,0.983262272,0.929120328,0.88906369,0.872642373,0.871110004,0.896778881,0.672228608,0.967817127,0.690267174,0.720783885,0.746739071,0.795415927,0.657958583,0.718856881,0.95496755,0.973989169,0.717020265,0.930212929,0.809294194,0.87829465,0.836475489,0.91143909,0.95899815,0.931259819,0.945685682,0.898084527,0.888758578,0.945971664,0.941191269,0.890659529,0.86261823,0.678379543,0.883909291,0.862829869,0.61085099,0.931996469,0.901400113,0.851301618,0.928665751,0.84872051,0.876123091,0.627066622,0.721588738,0.8306514,0.609835938,0.823498737,0.72365033,0.789466923,0.795321452,0.8054848,0.813296642,0.927088354,0.619460708,0.724792041,0.532321798,0.916972777,0.892994636,0.784438977,0.87900986,0.803220957,0.922813726,0.691862677,0.900490314,0.912903153,0.912486065,0.517847939,0.532496782,0.679365079,0.575852805,0.756547619,0.63719382,0.831595035
LODA,0.889436628,0.901485019,0.946682722,0.982261767,0.987567515,0.966709079,0.681558288,0.971503599,0.950874587,0.980829089,0.970668891,0.97779259,0.943915677,0.83142732,0.958871905,0.814366894,0.728095997,0.722107308,0.990625323,0.973210167,0.886074612,0.767736479,0.579676407,0.538721188,0.961371055,0.626342909,0.977424145,0.686370514,0.734119456,0.703477987,0.802112869,0.582520343,0.903313009,0.946905096,0.981419527,0.974673781,0.963489825,0.852032225,0.857686744,0.801911896,0.81456777,0.850749786,0.739042105,0.508782799,0.883545654,0.743792073,0.957710231,0.852889971,0.885010432,0.88386821,0.659869289,0.834083303,0.604919368,0.596517305,0.657051282,0.587621421,0.791760938,0.946491292,0.755855771,0.810191257,0.959388063,0.719493578,0.765179778,0.52380625,0.828112669,0.569449251,0.567197571,0.588914579,0.959305109,0.522161582,0.949584623,0.651624143,0.762123371,0.695944136,0.946037202,0.860208208,0.711233573,0.870805873,0.737244109,0.93550649,0.917610417,0.729705196,0.931791856,0.954725673,0.540387683,0.907401979,0.935371081,0.873496081,0.705879121,0.685268653,0.81074054
LOF,0.912427199,0.889403639,0.685909099,0.571511673,0.874751695,0.915633866,0.866405779,0.954780527,0.958278572,0.957933098,0.961191886,0.619616971,0.97725187,0.955399198,0.948000362,0.889641141,0.678889874,0.800650954,0.949588462,0.962543634,0.9265987,0.896908812,0.862947525,0.715244349,0.913826176,0.591831788,0.973934155,0.705663496,0.696754352,0.766823526,0.771219118,0.645274028,0.724405152,0.95053674,0.973542273,0.730956447,0.962089723,0.774198527,0.850496858,0.839777726,0.898934864,0.9353223,0.950919625,0.923226124,0.887922622,0.699653306,0.942591001,0.939003353,0.880116411,0.876145566,0.671370839,0.848126995,0.84399392,0.574940591,0.853546303,0.917506476,0.818032331,0.696177627,0.842404124,0.895035636,0.771378968,0.702616205,0.832536087,0.589019986,0.799105974,0.688811821,0.755099292,0.809288817,0.869554478,0.82131816,0.92010354,0.606872282,0.740867468,0.538308536,0.910379514,0.88097828,0.76464808,0.877464728,0.820184836,0.90994668,0.677904597,0.841745307,0.893526989,0.904726534,0.526878493,0.830357143,0.679365079,0.565698587,0.677300151,0.689973425,0.815486322
HBOS,0.897194328,0.79259357,0.946368462,0.978836667,0.983464404,0.960014434,0.961829075,0.929394791,0.955475278,0.98331027,0.932187706,0.983055262,0.947161645,0.792571139,0.931727515,0.892164675,0.714427056,0.893371673,0.986756024,0.968145807,0.813315175,0.691821547,0.736819575,0.56733881,0.946404853,0.894175848,0.971335237,0.707928359,0.699764079,0.712194878,0.806807095,0.523286014,0.906297393,0.942577016,0.966304557,0.947772546,0.931419497,0.586365464,0.838517929,0.716192838,0.878545187,0.598736197,0.869370685,0.89231715,0.885690454,0.658892764,0.841945811,0.783101157,0.852917147,0.8510129,0.718502478,0.521731811,0.516921011,0.641256118,0.63365622,0.625694657,0.673015251,0.973745371,0.512197437,0.518049872,0.901033018,0.627525512,0.686227986,0.515413466,0.675950802,0.617349319,0.560757147,0.622476473,0.945863831,0.682380952,0.94138933,0.653202798,0.759103317,0.646506192,0.933058411,0.713855424,0.662537297,0.515826248,0.617284275,0.922922171,0.898399841,0.855214741,0.892478819,0.950683719,0.748593141,0.892857143,0.733333333,0.820526011,0.952024459,0.745993094,0.79416396
MCD,0.815292529,0.889089229,0.794303685,0.516676533,0.707696978,0.880437989,0.867183472,0.952706495,0.95130489,0.956537311,0.926484502,0.967734615,0.966738588,0.94355938,0.956945941,0.883669315,0.626392501,0.891775411,0.98880822,0.961507646,0.928982174,0.797380006,0.78277419,0.866938188,0.959726734,0.570521857,0.976661461,0.718611728,0.71140494,0.707441161,0.79141768,0.513586966,0.680378364,0.951734746,0.950835411,0.97429795,0.967465813,0.615547737,0.84723929,0.789492195,0.76038613,0.545640524,0.612218486,0.597294417,0.911838549,0.899066289,0.970561594,0.718427548,0.903305621,0.721262491,0.696435083,0.798119101,0.830462643,0.540373678,0.661006902,0.799835412,0.61274444,0.864583333,0.75110284,0.732983625,0.818255387,0.649855296,0.775350469,0.515626034,0.733670736,0.641951628,0.584338048,0.714520183,0.9215381,0.638330834,0.930614026,0.713100053,0.7774341,0.891227976,0.923994189,0.695313856,0.706847191,0.654973107,0.68203893,0.919710603,0.872314283,0.572696571,0.899034955,0.931378585,0.706465619,0.521428571,0.679365079,0.788243661,0.841508838,0.618867682,0.786610301
AvgBagging,0.913521213,0.893122725,0.874112601,0.980664187,0.889761227,0.904002074,0.941664962,0.971263775,0.949306839,0.957644056,0.958427051,0.677416904,0.975407701,0.951452069,0.939682045,0.894715224,0.68318968,0.767268319,0.964836074,0.971044762,0.92416709,0.879441541,0.85623608,0.630566342,0.936722506,0.528129199,0.968307343,0.711811448,0.69279733,0.758031613,0.765463559,0.641240673,0.751901591,0.94674124,0.940703154,0.747681737,0.952821095,0.774302428,0.869336974,0.833172304,0.905598302,0.957652176,0.954909734,0.890029103,0.903017252,0.765130308,0.941410632,0.933754823,0.88178386,0.873560171,0.772156234,0.691601341,0.72213981,0.637628734,0.600139212,0.895139242,0.784878231,0.738113175,0.766447696,0.86150373,0.555045996,0.713954083,0.821003923,0.586233309,0.840046439,0.741976613,0.789601844,0.81254267,0.922149055,0.81353159,0.923880332,0.590965202,0.739543635,0.55019257,0.911802887,0.882634525,0.738151726,0.828882366,0.783805642,0.91349938,0.768858901,0.872263992,0.900278736,0.909526539,0.510783031,0.8125,0.679365079,0.602641056,0.882133838,0.702619048,0.81938985
MaxBagging,0.918092536,0.886727534,0.846703963,0.975752217,0.975223445,0.929594529,0.837147598,0.973197368,0.958884145,0.964548273,0.932081705,0.599784011,0.973373046,0.95694962,0.948893464,0.897409095,0.707054259,0.81495331,0.905455769,0.928001545,0.907793175,0.896385683,0.878447154,0.741399451,0.9345599,0.515060584,0.970710764,0.730603112,0.694696389,0.764863977,0.753484031,0.627221896,0.699730799,0.950058373,0.945868599,0.739091879,0.958305838,0.795454195,0.870112742,0.885103567,0.896880805,0.95456046,0.963907478,0.939406114,0.908057581,0.836279906,0.950010613,0.923002928,0.878489849,0.866415086,0.674813671,0.744558039,0.73402184,0.681049278,0.56741453,0.9058638,0.77971654,0.770671253,0.823884508,0.835503113,0.555045996,0.798339468,0.854187844,0.579550253,0.85776705,0.737603452,0.76340041,0.821650022,0.909292327,0.806457087,0.928815038,0.583943511,0.759442118,0.538609471,0.913559168,0.867171453,0.716640613,0.864742584,0.775137581,0.911347421,0.801397463,0.864226801,0.882020652,0.911872587,0.565733881,0.740909091,0.679365079,0.533333333,0.768162393,0.752429042,0.820727112
IForest,0.855076537,0.917936927,0.983342564,0.976783534,0.878940384,0.967875183,0.991455227,0.960638867,0.898928745,0.983112592,0.930645388,0.897954176,0.958029803,0.842939695,0.936223056,0.883425309,0.725675194,0.779850098,0.983446814,0.944279175,0.871243105,0.69886175,0.664500301,0.665894691,0.949660149,0.632096836,0.968172237,0.707552758,0.720915183,0.741744627,0.745420732,0.503774732,0.890148767,0.949499569,0.960025851,0.96835584,0.95629666,0.539953898,0.835859318,0.661226782,0.828945745,0.635720529,0.662571297,0.621021452,0.879837799,0.862893781,0.733499594,0.810047147,0.874289772,0.869713233,0.698467335,0.612317832,0.594036356,0.585426297,0.66015233,0.75003124,0.72790563,0.527056277,0.625563483,0.583662696,0.620608558,0.579410972,0.734484542,0.503349727,0.681696448,0.574319143,0.57870253,0.684440563,0.933544129,0.56440973,0.939418087,0.655104848,0.771077492,0.666155918,0.929765691,0.740129607,0.693954157,0.619799664,0.753759233,0.928280632,0.841332853,0.563200562,0.906016657,0.934479593,0.570767776,1,0.533333333,0.694743989,0.813521242,0.62556659,0.774514413
CBLOF,0.869863075,0.890970901,0.823233841,0.693421265,0.871546143,0.950650015,0.716740486,0.952929628,0.960217589,0.982574386,0.970022731,0.960672961,0.977764903,0.952080106,0.938396237,0.891436945,0.700779859,0.751533663,0.991719505,0.976712621,0.894641374,0.810649212,0.756308348,0.546345374,0.95061271,0.574792817,0.983619826,0.703664493,0.636373569,0.755593211,0.784703618,0.561750628,0.88365351,0.955778627,0.987798623,0.916850369,0.976488861,0.683912166,0.837265029,0.849913892,0.708842819,0.775221634,0.582222983,0.630519718,0.924770572,0.9075267,0.965017583,0.922078426,0.901351035,0.839876604,0.642345924,0.772503566,0.76559315,0.607197359,0.699684096,0.919144437,0.780202946,0.850925819,0.841668971,0.874560438,1,0.702351443,0.863114845,0.537811772,0.800790357,0.725674434,0.66846088,0.7852828,0.919217795,0.583273017,0.935401959,0.628432777,0.75431204,0.536229761,0.930472251,0.845203787,0.810448037,0.825497169,0.79356357,0.92880544,0.680059533,0.880258288,0.899067828,0.950837488,0.665099707,0.725,0.679365079,0.58020261,0.848528139,0.699591375,0.810751023
FactorAnalysis,0.984679174,0.759739125,0.98224896,0.99370464,0.895219654,0.990994491,0.964932783,0.968843252,0.966028191,0.981541228,0.973059721,0.859625743,0.983891889,0.982646646,0.977193995,0.918325052,0.68376344,0.990358136,0.848822972,0.988222219,0.976289636,0.939818605,0.934676854,0.949525916,0.975812734,0.987241619,0.976037496,0.777770492,0.645573986,0.728241067,0.813585636,0.73138767,0.966141925,0.963152362,0.989843115,0.797828729,0.975783918,0.986327102,0.930992085,0.941435816,0.921560126,0.983376226,0.963648468,0.941340874,0.949293681,0.900475161,0.963689563,0.965132741,0.916864454,0.86289124,0.816398242,0.946373613,0.955102223,0.758098034,0.984576452,0.954534311,0.939494408,0.981553299,0.939170614,0.948667057,0.974667757,0.940794369,0.936779547,0.88631565,0.943778637,0.901104251,0.900643774,0.919692631,0.963730737,0.963659521,0.886118474,0.597867439,0.501654413,0.86176933,0.903772223,0.935889344,0.936384189,0.934622934,0.936741345,0.86096939,0.96272387,0.953563891,0.783200052,0.975727714,0.74414814,0.978427259,0.979659843,0.937560438,0.96408005,0.921406031,0.912900023
KernelDensity,0.983610142,0.827763557,0.982187685,0.993699636,0.99286109,0.987380163,0.95223535,0.97307286,0.968223205,0.971505977,0.944670898,0.990132336,0.985275585,0.983765356,0.97888867,0.906092019,0.692146858,0.989416061,0.992189342,0.98703002,0.97654658,0.942677773,0.93609346,0.949564665,0.975021148,0.986272164,0.955207117,0.770750667,0.704657151,0.759924091,0.731031515,0.669590179,0.947482744,0.959539841,0.924534695,0.797303635,0.962278774,0.986129977,0.935223577,0.943845425,0.914020575,0.983513344,0.964589201,0.945354706,0.946472799,0.934842377,0.933108321,0.958562537,0.929326877,0.811016789,0.839952006,0.922860414,0.934159438,0.79556436,0.978809524,0.932254464,0.918828027,0.981089575,0.906717649,0.923640351,0.956521739,0.913085725,0.912917441,0.934763781,0.918196387,0.892278457,0.896120942,0.916884615,0.970613711,0.96537341,0.836830454,0.615137086,0.508181531,0.86338575,0.851413311,0.914342561,0.913101855,0.905630375,0.913334644,0.78004864,0.968189995,0.919528986,0.748636914,0.970261807,0.763381773,0.978494614,0.976516188,0.947477437,0.961987261,0.940137375,0.910036445
COPOD,0.875916109,0.91777864,0.995630601,1,0.975256755,0.96079815,0.92066685,0.929827898,0.956436115,0.982525654,0.933064176,0.979228973,0.916699354,0.664559169,0.898281949,0.879015016,0.737346983,0.861899658,0.988460102,0.965759399,0.829761358,0.549992263,0.623160974,0.546763852,0.94579078,0.737104761,0.969855165,0.682169308,0.703861865,0.693155015,0.82031292,0.529317717,0.904219158,0.936055823,0.954562068,0.985812557,0.951519021,0.526376016,0.78204525,0.667588933,0.887861584,0.993589744,0.831222496,0.656796324,0.812287484,0.643195746,0.899574204,0.804952828,0.841135869,0.872465131,0.570589612,0.874277319,0.891808681,0.607786428,0.897389832,0.87244772,0.867781668,0.911781938,0.764871848,0.8783134,0.738801078,0.729504145,0.852610788,0.552311546,0.776072797,0.602139353,0.600363163,0.563481706,0.957077166,0.687115871,0.942336452,0.64747216,0.768133623,0.644561849,0.936698807,0.889778399,0.83772065,0.83434314,0.823150184,0.936283615,0.92126893,0.683678436,0.912327969,0.936284794,0.728352012,0.830357143,0.638888889,0.774207719,0.954281928,0.730911187,0.816546908
SOD,0.805894403,0.904457098,0.96545961,0.988027366,0.976023132,0.913776059,0.869981274,0.962373372,0.960202605,0.965825557,0.95372744,0.922415306,0.970946409,0.950147088,0.944843439,0.888317003,0.670557431,0.843176016,0.977323199,0.982020548,0.959980471,0.868622516,0.816113351,0.85588466,0.960771827,0.562045951,0.978394819,0.687213954,0.692707074,0.729810565,0.795708452,0.523582873,0.805738584,0.957519422,0.984342727,0.913039595,0.964545902,0.822016508,0.855898007,0.849871868,0.830615391,0.961060252,0.744326245,0.619990766,0.906820886,0.918079096,0.946603993,0.859201488,0.885089513,0.846579634,0.693819798,0.782950271,0.752532739,0.67319149,0.885988513,0.884688442,0.725100112,0.818348766,0.856541833,0.83730489,1,0.786235032,0.783170216,0.559842273,0.69354139,0.733466911,0.710281302,0.800378724,0.941034779,0.623874228,0.930883178,0.603767543,0.758949835,0.549857599,0.917011046,0.858582135,0.774006728,0.811383729,0.71900931,0.903072379,0.872841093,0.762723118,0.911471522,0.887160205,0.714873893,0.724576271,0.533333333,0.585440663,0.64375,0.707512065,0.824779646
LSCP,0.9034453777158259,0.893385671372383,0.8905117752519642,0.9911401775976518,0.9468508009760084,0.9552320208589125,0.6822811202371168,0.923937260684206,0.9432124028419524,0.9842401084876544,0.9679973856977618,0.9789883434356117,0.9635240692754345,0.9206604922369177,0.9163570684265968,0.9216788267334071,0.7528570837932324,0.7312106797870512,0.9909848040034419,0.9866938643974307,0.8801234795553049,0.7859484604303842,0.8066808461766877,0.573629169111426,0.949399331884316,0.6281463420949082,0.9741547108004197,0.7033681634552735,0.7046582085540044,0.746373825277186,0.8197248945849542,0.5992293469619606,0.9062021240243914,0.9382926520903891,0.9837374971494294,0.9854062418436282,0.9600350022927958,0.6047448065641043,0.8452372057171073,0.6990822862110935,0.7899498439660358,0.9614769489769491,0.7251215831650044,0.6342364364934421,0.8702899439382761,0.8604720116638245,0.781820574170469,0.8182774637790402,0.7942028461197136,0.8755817312121446,0.7631702444487939,0.870399110933024,0.7874927880132884,0.5959701695141304,0.9078344957452118,0.7859741746517344,0.782154822748701,0.8260393531253608,0.6205865437679692,0.6365102536632166,0.9112025314616404,0.7533804182520962,0.8102346919532326,0.5085133159615545,0.8255216919327576,0.6454572707085663,0.6087996889255114,0.5043138413256822,0.9574557875592914,0.5861022738027358,0.9504479809151725,0.6530146223077077,0.7319680891104497,0.760088226099776,0.9363865741399348,0.8661218783067517,0.7877115801847996,0.7891441563430684,0.7156219856329608,0.9433144551748203,0.8864431074860696,0.5013365800865801,0.9265152389708018,0.9620066227284143,0.5185134458564693,0.921607740086001,0.9353398617511521,0.6458323422609137,0.8023809523809524,0.6541366410661127,0.811398209571763
AveLMDD,0.8846545084745934,0.8577973834894214,0.9656229541866167,0.9887391332853757,0.8023028863358337,0.9517985165725104,0.8813866394023993,0.9623733719247467,0.9603825812393106,0.9789379137951227,0.9697982585670494,0.9718038026563532,0.8341945832435707,0.75753475787915,0.902999021212037,0.8672032736971997,0.7538686881387557,0.8117105542671916,0.9847845748959236,0.982730192182247,0.8970332732598599,0.5317251041237117,0.5669822613463973,0.9043977947230947,0.9379493728947569,0.6624565022545206,0.9791764271597988,0.6699647918822128,0.6860833706259204,0.7069348520988886,0.7662440492677876,0.5681377111059769,0.8707577010773043,0.8807914262675355,0.9855072463768116,0.8653915597716059,0.973715210461907,0.5284388499884802,0.7661485258669217,0.7866291826535117,0.8858552133563848,0.9609829716649082,0.964049686711347,0.6350742858651907,0.8282387457563132,0.8505778937407918,0.9440559440559441,0.9072137244382544,0.7828027585597758,0.856106643653983,0.6736545406350711,0.8700359477640067,0.9080104989158593,0.7478088233035396,0.9230744531406783,0.845763353059926,0.815241219641012,0.897071025043441,0.8350677483573239,0.786905651405012,1.0,0.5109770022620561,0.5693496492267951,0.5101803445579282,0.5164968526202258,0.8165559246954596,0.8196454938564572,0.5027739510399107,0.8282818557882836,0.9368772337091728,0.9282067347856822,0.6811071824885291,0.6974776522888702,0.6283972172428814,0.9207317073170732,0.790002073814368,0.7625038710809114,0.663024848835935,0.8507479980549326,0.9212330502411474,0.6725653523174083,0.9002060982495765,0.9152158394425247,0.9718644679826673,0.581026907860666,0.9352707156308852,0.9705882352941176,0.7157562659063035,0.9543032786885246,0.7074642058414878,0.8189056883204665
VarLMDD,0.8804884253748082,0.8575297941495125,0.9697027783655686,0.9891851939483517,0.879737958587796,0.9546312060065428,0.9228675261506999,0.9576021481832301,0.9593543568539027,0.9789052348471191,0.9683267912707407,0.9750051802780296,0.8569975066798404,0.7213383317880036,0.882897364423584,0.9026542132861681,0.752192751621378,0.8296462210686156,0.9866944112862588,0.9832834302847383,0.9217820266238772,0.547608086830388,0.5549244496841497,0.898705720869849,0.9284272613447911,0.6803277858633614,0.9791388644772103,0.6919967011061098,0.6615220529533049,0.7124341422256204,0.764792899408284,0.5876389437204408,0.8564529969452714,0.920951990410982,0.9855072463768116,0.8565378232616311,0.9731204463199152,0.5183454885531639,0.6790336549947154,0.6217659724327398,0.8918608639533894,0.970074812967581,0.9007140238880447,0.8915538843340568,0.8525475105850719,0.8206911880694945,0.9440559440559441,0.8887549142965233,0.805074951085333,0.8814427587299093,0.6794933395954856,0.8868934292740183,0.8904925197153349,0.7376419624870703,0.950830022301838,0.9113901300927938,0.764822863177447,0.8714606471959413,0.8279299873115387,0.8332670647020235,0.5815217391304348,0.5202825519404634,0.5576800170612296,0.584462458265631,0.5313097860110917,0.8045519564414914,0.800186877076412,0.650514451788841,0.8642543105442156,0.88783387008766,0.9274787282108129,0.6595104773858769,0.7025532150673834,0.534650451638504,0.9207317073170732,0.7482994588888139,0.8338118519813382,0.6913378888138502,0.8546363409699517,0.9151990553306343,0.6724053807031973,0.8922357352792135,0.9071565599850271,0.9701492537313433,0.5801450401541676,0.9225785816282185,0.9705882352941176,0.6261074197120708,0.95,0.6381078718779731,0.8161258829888156
IqrLMDD,0.8755716081309689,0.8728220125609834,0.9653715518015994,0.987836238258131,0.8898228397611705,0.9657914797532042,0.6480849496122736,0.9623733719247467,0.9602026049204052,0.9821219854741846,0.9692765798186305,0.9346207634483079,0.9799932765433952,0.9729289116509038,0.9602998415318841,0.8821190336508532,0.7293978373010602,0.9154650736149942,0.9827324643959078,0.9820205479452054,0.9666579915384134,0.8932950249744019,0.8451173580587865,0.8629421184164454,0.9553217232605146,0.9456742285620857,0.9800874863791434,0.6499719955890315,0.7687822358455975,0.6310739580675839,0.7888611457004326,0.5586289748179034,0.9268720543344892,0.9304453053018887,0.9862244388990847,0.5140264160277016,0.9738873637422207,0.8030148815749141,0.8507102454295183,0.8554566054886293,0.8350114247352362,0.7060658199155045,0.9623124700890792,0.8337902006073645,0.8929937216818481,0.8146964856230032,0.9517812557680511,0.9502636818147564,0.8602700763600724,0.8791212368484612,0.7415296179696689,0.8839848128321086,0.8611646498922769,0.7230448007015505,0.5787543856741092,0.9508088148658285,0.794781300876071,0.9054781801299907,0.8199570029960642,0.8179466377914404,0.7163577161550942,0.6722280934943239,0.6586391228176262,0.5515300564433427,0.5102203349485028,0.5743739036896274,0.5096507836930828,0.8504924643143327,0.9131258918831624,0.7958960992117416,0.9294222747607196,0.5991846487132322,0.7050670727743589,0.6573201434665996,0.9232661431310373,0.8945546713558953,0.7977710822902151,0.7907175966960708,0.905362877865276,0.9172240044619628,0.8829700922970423,0.8708646708385677,0.9138727536108775,0.9512218287299286,0.5530429223366994,0.9661016949152542,0.9654600301659125,0.6627584330165245,0.9424460431654677,0.7949407612179757,0.836063836819339
SoGaal,0.9841244003137095,0.8571428571428572,0.9802885888550759,0.9934027128408232,0.9505213044375755,0.9851128885080337,0.9338040145972696,0.9571945887034986,0.9632138591690268,0.9666889782002789,0.9730057435117039,0.9725568385798579,0.9801743552166535,0.9776439193568854,0.9247562728654717,0.853684207758071,0.7296495394250351,0.9845610609716551,0.9887960790924204,0.9867535703036435,0.9585410007484603,0.9223476851864967,0.8693111224561467,0.88371861015763,0.9644092372910188,0.9777777777777777,0.9843847031256282,0.75,0.7410714285714286,0.7440828402366864,0.7664415631236228,0.6502520039823962,0.888191966451481,0.9320847306756526,0.9907725246074031,0.9539258613327519,0.9779949263685224,0.9794309884907637,0.5610902694865908,0.9424173102580218,0.8948565639025119,0.9834361678814025,0.9753298820318757,0.9153846153846154,0.8434978040061392,0.9413568936664829,0.9695395652419703,0.7855079103217597,0.6947118419494996,0.8967035799054457,0.6756366367653912,0.8205866618589642,0.8335758618547335,0.7377049180327868,0.9838401622314178,0.9285714285714286,0.9048238916256157,0.9322333854717663,0.900956628510808,0.7601967734920281,0.937984496124031,0.7538510943288458,0.7974674239118624,0.9823167960340741,0.9090909090909091,0.8372093023255813,0.9028913106557018,0.9247460465865054,0.9590643274853801,0.6702053385052912,0.9239766081871346,0.6491228070175439,0.7327031343155097,0.6698562861442429,0.9084784719074643,0.8459398674242424,0.9054495891400505,0.8823529411764706,0.9130578986832373,0.9144736842105263,0.842679991735634,0.927536231884058,0.9240695227911201,0.9701492537313433,0.8062983530177323,0.9579071901105799,0.9142857142857143,0.5734275248560963,0.9460990398490399,0.9319511058614663,0.8841601751584675
MoGaal,0.9852548809426342,0.8572204125950054,0.9802997407106101,0.9930892984855997,0.9520111661775211,0.9915084942929377,0.9328247209837509,0.9676799491679671,0.9701639707282123,0.9771863209928157,0.9742880484676018,0.9792364323997038,0.9764919896285013,0.9751318239229325,0.9492988139729726,0.9012771367962361,0.7582976464784545,0.9839111857110275,0.9890604601942011,0.98704428729335,0.9573333433752163,0.9213198375819756,0.9049121582798394,0.8846242368252111,0.9534966548284773,0.9788822984580055,0.9811014059073361,0.75,0.7402985074626866,0.7440828402366864,0.764792899408284,0.6537203550678723,0.8353909025329256,0.907382231721119,0.9869126552586299,0.9677299563454356,0.9757667788215748,0.9636159399100758,0.8285239112004216,0.9389839154302223,0.9025203840623803,0.9835622732828849,0.9507655580054839,0.9233449477351916,0.9263493513676946,0.846571147483518,0.9696957941059812,0.9334831864107339,0.5133296683048639,0.9039631857413303,0.8536673066292794,0.914179104477612,0.9245283018867925,0.740693306010929,0.9698907009021512,0.9508674701342759,0.8727344357034299,0.8616258741258741,0.8037409891747386,0.7988759617846889,0.9477124183006536,0.9030628609057244,0.8975867269984917,0.5863251682445209,0.8908521382691008,0.8372093023255813,0.8372093023255813,0.8654970760233918,0.9590643274853801,0.78561576531748,0.9094652298340504,0.6491228070175439,0.7118503387902102,0.7660818713450293,0.9362165670765632,0.5157998084291188,0.8779719248972078,0.9280739007679528,0.8805970149253731,0.9138926976398345,0.952054794520548,0.927536231884058,0.908445702489572,0.9701492537313433,0.7939364501102333,0.9753906342182558,0.89375,0.9436372018367044,0.9173962210504549,0.904109589041096,0.8894461097969438
VAE,0.9063015756809042,0.9083286813686561,0.9989463067070061,1.0,0.953004067349229,0.95718330970046,0.935495815405976,0.9331972978013606,0.9608014267030034,0.9850123290173087,0.9321888291510751,0.9492099045201202,0.9487244967272427,0.8769810470137894,0.9351039513056971,0.8777011647979144,0.7308214037266267,0.7588224269235988,0.9884768260075453,0.9729538131502784,0.8379295354959623,0.6948956772561872,0.67260527159378,0.5524383129371111,0.9418401252777087,0.6348060815698544,0.97016188517787,0.7125053898193824,0.7293577491381543,0.7122325571109855,0.7640178141928899,0.5195491267390243,0.8854705124112038,0.9465538087645612,0.9585847728052717,0.9593988942409001,0.9528910523844841,0.6008540840904169,0.8498583562343514,0.7166086250309944,0.8245772125623914,0.9999999999999999,0.7154168954640243,0.7073677255176943,0.8811573504908202,0.7429846085247601,0.6143160428705774,0.7855104799663439,0.8513318197502826,0.8545551699616452,0.7349550430239993,0.5861815829309178,0.5707078781120902,0.6336830423881578,0.721099457350115,0.7774084633651152,0.7152074241193389,0.5952934013747813,0.6025901183675344,0.6288139480928857,0.5789569595182449,0.585471494674211,0.6912809634612053,0.5357190181705729,0.645055443780569,0.5474604377348242,0.5204342540333664,0.591458865623276,0.9543714031091799,0.622247634380279,0.9391975722316471,0.6735998702577183,0.7572305643497387,0.6406391005088108,0.9353500439518443,0.7880129206595603,0.7100015630117489,0.650583925968589,0.6932368070856523,0.9308536239964401,0.9144565885576639,0.5139707090783332,0.9058184848818472,0.9391337525773586,0.6634043972524278,1.0,0.6532106782106782,0.729703345981325,0.9073827242580599,0.8099443179092723,0.7854795492752976
AutoEncoder,0.9330015887873928,0.907556705266822,0.9989484936938284,1.0000000000000002,0.9694004461172682,0.9528803375406757,0.9362211985625293,0.930349370120044,0.961777294494445,0.9850919495658153,0.9306007635822292,0.9615294044523651,0.949144844527237,0.8769810986890175,0.9354105088675195,0.8726015376232038,0.7295252296696952,0.7527283162350402,0.9874735265504286,0.9716563119835501,0.8343255748887397,0.7036074534321496,0.6783822348037318,0.5487143494174479,0.9402428514156383,0.6309003075041519,0.968017217122582,0.7212680453461342,0.7267484285031571,0.721977932941267,0.7439540730651371,0.5470351980595145,0.8923635435482163,0.9465607809560843,0.9541501654754917,0.9099831076747081,0.948204242281113,0.6008937149242206,0.8586648053512579,0.7202493720361469,0.823292929274721,1.0,0.7085322110365966,0.7125125382252528,0.8785693933414206,0.6696043798637934,0.7088962879814101,0.8316301380922372,0.8876957108592552,0.8595632753979419,0.775915604962525,0.6287459079967286,0.6053825579253774,0.640438363852963,0.6986171643798762,0.7997090771076449,0.7208566393433256,0.8847269189903268,0.7184796297086977,0.6287266309005117,0.5672545604610821,0.624902625114111,0.7535876259733416,0.606989223901915,0.7158118657602537,0.5634269625286483,0.5227562464554093,0.5861203918378719,0.951529338069869,0.6206409150719495,0.9357860656925701,0.6682355311766599,0.7550081676426019,0.6390380909583623,0.9329051442744375,0.8030254603269488,0.7332160988464924,0.6805206802987038,0.72188495071003,0.9239335316787831,0.906298008843427,0.5781974138029489,0.8990632885161447,0.9403578663656371,0.8441260486045754,1.0,0.6166666666666667,0.7093361275960631,0.9039304072559838,0.7807229523108978,0.7978476660117664
